name,gender
Arin,male
Bram,male
Corin,male
Doran,male
Eryk,male
Fenn,male
Garrik,male
Hale,male
Ivor,male
Jarek,male
Korin,male
Luth,male
Marek,male
Nash,male
Orin,male
Pavel,male
Quinn,male
Rook,male
Soren,male
Tarn,male
Ulric,male
Vance,male
Wren,male
Yorin,male
Aela,female
Bryn,female
Cira,female
Daya,female
Eris,female
Fara,female
Gwen,female
Hesta,female
Ilya,female
Jora,female
Kara,female
Lyra,female
Mira,female
Nera,female
Orla,female
Pira,female
Quora,female
Rhea,female
Syla,female
Tessa,female
Una,female
Vera,female
Wyla,female
Zara,female
Ash,neutral
Bex,neutral
Cade,neutral
Dune,neutral
Echo,neutral
Flint,neutral
Grey,neutral
Haze,neutral
Indigo,neutral
Jade,neutral
Kestrel,neutral
Lark,neutral
Moss,neutral
Nova,neutral
Onyx,neutral
Pike,neutral
Quartz,neutral
Reed,neutral
Slate,neutral
Talon,neutral
Umber,neutral
Vale,neutral
Winter,neutral
Zephyr,neutral
Alaric,male
Aldric,male
Aramic,male
Ardel,male
Aric,male
Bardek,male
Belth,male
Belthor,male
Berric,male
Borak,male
Borin,male
Borric,male
Braddic,male
Brak,male
Brakken,male
Brannic,male
Brask,male
Brath,male
Brek,male
Brekk,male
Brektar,male
Bren,male
Brenn,male
Brethar,male
Brethric,male
Brevik,male
Brot,male
Bruen,male
Brunn,male
Cael,male
Calen,male
Calric,male
Cormak,male
Corvath,male
Cravik,male
Dael,male
Dall,male
Dallric,male
Darr,male
Daven,male
Davor,male
Delv,male
Delvik,male
Dokar,male
Dornak,male
Dornic,male
Dorrik,male
Dorvath,male
Dovik,male
Draek,male
Draev,male
Drav,male
Dravik,male
Dravos,male
Drek,male
Drekken,male
Drest,male
Dresta,male
Dreth,male
Drex,male
Dromm,male
Dross,male
Drost,male
Drov,male
Druk,male
Drust,male
Drustan,male
Druven,male
Durn,male
Eldan,male
Eldor,male
Eldric,male
Ervak,male
Falk,male
Fallor,male
Falt,male
Farric,male
Feldor,male
Fenthric,male
Ferran,male
Gant,male
Garik,male
Garran,male
Garric,male
Gart,male
Garven,male
Gavrik,male
Gell,male
Gethric,male
Glav,male
Gost,male
Gostar,male
Grek,male
Grendar,male
Grenn,male
Grett,male
Grettar,male
Grol,male
Grund,male
Grunic,male
Guntar,male
Haldor,male
Halken,male
Halric,male
Harik,male
Harin,male
Harken,male
Harrok,male
Harsk,male
Havik,male
Havric,male
Hesik,male
Hesk,male
Hestric,male
Hovard,male
Hrok,male
Jeltar,male
Jennik,male
Jerrick,male
Jorath,male
Joren,male
Jorik,male
Jorvan,male
Kaelen,male
Kaelith,male
Kaelric,male
Kallad,male
Kallid,male
Kareth,male
Karn,male
Karric,male
Keld,male
Kelk,male
Kelt,male
Kethar,male
Kethric,male
Kethvar,male
Kevar,male
Kolth,male
Kolven,male
Kord,male
Korv,male
Korvan,male
Korvath,male
Korven,male
Kovan,male
Kran,male
Krast,male
Krav,male
Krek,male
Krel,male
Krethor,male
Krev,male
Krevan,male
Krevik,male
Krothven,male
Larsk,male
Lorath,male
Lorin,male
Lork,male
Lorn,male
Lornic,male
Lorth,male
Maldric,male
Mardel,male
Maren,male
Meck,male
Melthar,male
Mered,male
Mord,male
Mordak,male
Mordek,male
Mordic,male
Morik,male
Mornak,male
Morric,male
Morv,male
Morvath,male
Morven,male
Mott,male
Neth,male
Noric,male
Norric,male
Norvath,male
Norvik,male
Nykkel,male
Oren,male
Orik,male
Oth,male
Othar,male
Othric,male
Othrik,male
Ovik,male
Pael,male
Parn,male
Pekt,male
Pelk,male
Pellar,male
Pellic,male
Pelthar,male
Perric,male
Perveth,male
Portak,male
Prav,male
Prect,male
Prent,male
Pretar,male
Provith,male
Quarl,male
Ravik,male
Rend,male
Rendic,male
Reth,male
Rethar,male
Rordric,male
Roric,male
Rovar,male
Rovik,male
Ruk,male
Rund,male
Ryn,male
Sarn,male
Selik,male
Selk,male
Skall,male
Skar,male
Skaric,male
Skarik,male
Skarn,male
Skav,male
Skel,male
Skeld,male
Skelden,male
Skeln,male
Skov,male
Sorth,male
Stallik,male
Stav,male
Stavar,male
Stavik,male
Stenn,male
Stennic,male
Storric,male
Stovik,male
Strom,male
Stryke,male
Stuk,male
Talvik,male
Tark,male
Tarv,male
Tarvek,male
Thalric,male
Thalven,male
Thar,male
Tharic,male
Tharnic,male
Tharrak,male
Thas,male
Theran,male
Thok,male
Tholm,male
Thoric,male
Thorm,male
Thov,male
Thovar,male
Thrak,male
Threk,male
Thren,male
Threven,male
Thul,male
Torek,male
Torin,male
Torl,male
Torric,male
Torv,male
Torvath,male
Torven,male
Traven,male
Trennic,male
Trov,male
Tulk,male
Ulan,male
Ulvik,male
Urek,male
Vald,male
Vandor,male
Vannic,male
Varden,male
Varek,male
Varik,male
Varnik,male
Vashen,male
Vath,male
Velder,male
Veldon,male
Velk,male
Veln,male
Verrik,male
Volken,male
Vorak,male
Vord,male
Vordek,male
Voric,male
Vorn,male
Vornak,male
Vornic,male
Vorr,male
Voth,male
Vren,male
Vrenn,male
Vrentik,male
Vrok,male
Vroth,male
Vulden,male
Waren,male
Warric,male
Weth,male
Woren,male
Wynth,male
Wyth,male
Xarnik,male
Yarel,male
Yedric,male
Yorn,male
Yorvik,male
Ythel,male
Yurik,male
Yven,male
Zaren,male
Zath,male
Zelt,male
Zelthar,male
Zeth,male
Zorn,male
Adra,female
Alda,female
Axa,female
Baell,female
Belna,female
Bessa,female
Besta,female
Betha,female
Bevla,female
Bira,female
Brakka,female
Brakna,female
Brana,female
Bratha,female
Brexa,female
Brika,female
Briva,female
Bryda,female
Caela,female
Caldera,female
Calla,female
Calva,female
Ceza,female
Daka,female
Dalka,female
Dalla,female
Dallith,female
Dara,female
Daxa,female
Dell,female
Delna,female
Denna,female
Denva,female
Dorna,female
Dortha,female
Dosa,female
Dra,female
Dralla,female
Draska,female
Drava,female
Drekka,female
Drenna,female
Drera,female
Drevith,female
Drevna,female
Drika,female
Drilla,female
Drinna,female
Dritha,female
Dronna,female
Droska,female
Drova,female
Druva,female
Elka,female
Enna,female
Etha,female
Ethra,female
Evra,female
Felska,female
Fenna,female
Fiala,female
Fiva,female
Fyla,female
Galena,female
Garna,female
Gavra,female
Getha,female
Gethra,female
Gortha,female
Gratha,female
Grava,female
Greda,female
Grelka,female
Greltha,female
Grenna,female
Grenya,female
Grova,female
Gyra,female
Gytha,female
Halda,female
Halka,female
Halva,female
Halya,female
Hella,female
Helta,female
Hesketh,female
Hetha,female
Hethna,female
Hira,female
Horna,female
Hova,female
Hyna,female
Iltha,female
Iska,female
Iva,female
Jala,female
Janna,female
Jarra,female
Jeska,female
Jetha,female
Jeva,female
Jira,female
Jorvanth,female
Jova,female
Junna,female
Kada,female
Kaela,female
Kalla,female
Kalva,female
Karna,female
Karneth,female
Katha,female
Katra,female
Kava,female
Kelta,female
Kessa,female
Ketha,female
Kethra,female
Kirna,female
Kiva,female
Korsa,female
Korta,female
Korva,female
Krava,female
Krenna,female
Kretha,female
Krevith,female
Krina,female
Krotha,female
Krova,female
Krysa,female
Krytha,female
Kyna,female
Lenna,female
Lerka,female
Letha,female
Litta,female
Lorra,female
Lova,female
Maelis,female
Maera,female
Maeza,female
Marna,female
Marnith,female
Mava,female
Mela,female
Merva,female
Meza,female
Mida,female
Mirela,female
Mitha,female
Mivra,female
Mora,female
Morna,female
Morra,female
Moxa,female
Moxra,female
Mura,female
Myra,female
Mytha,female
Nael,female
Narva,female
Nemra,female
Neritha,female
Netha,female
Nethka,female
Nimra,female
Nira,female
Nola,female
Nyla,female
Nylla,female
Nypha,female
Nysa,female
Nyska,female
Oka,female
Olka,female
Olvira,female
Oma,female
Orvana,female
Orya,female
Orynn,female
Orytha,female
Osa,female
Ostra,female
Othna,female
Otrya,female
Oveth,female
Ovra,female
Pala,female
Palla,female
Pela,female
Pella,female
Pelta,female
Peltara,female
Pelva,female
Pennic,female
Petha,female
Pethra,female
Polna,female
Prava,female
Prya,female
Pryla,female
Quina,female
Rava,female
Ravna,female
Renna,female
Retha,female
Rethka,female
Rethna,female
Rethra,female
Revna,female
Rilla,female
Rova,female
Rovna,female
Rykka,female
Rynna,female
Rytha,female
Sela,female
Selva,female
Senna,female
Serka,female
Setha,female
Shava,female
Shira,female
Sira,female
Skaela,female
Skaera,female
Skarla,female
Skelna,female
Sketha,female
Skeva,female
Skiva,female
Skorna,female
Skova,female
Skovith,female
Solka,female
Sorna,female
Sova,female
Sovra,female
Stava,female
Stavna,female
Stavya,female
Stelith,female
Stelna,female
Stetha,female
Steva,female
Storva,female
Stovra,female
Styna,female
Sulka,female
Syra,female
Sythna,female
Tala,female
Tarith,female
Tarra,female
Tarva,female
Tasva,female
Tava,female
Tavi,female
Thaena,female
Thalva,female
Theda,female
Thela,female
Thelka,female
Themma,female
Thira,female
Thova,female
Thyna,female
Tirra,female
Torva,female
Torveth,female
Tova,female
Tovra,female
Trella,female
Trenna,female
Treva,female
Trevna,female
Trova,female
Tyla,female
Tyna,female
Ula,female
Ulla,female
Ulva,female
Ura,female
Varna,female
Vaska,female
Vela,female
Velka,female
Velna,female
Venna,female
Vessa,female
Vethna,female
Vethra,female
Vexa,female
Vexra,female
Veyla,female
Vikka,female
Vilna,female
Vina,female
Vira,female
Vola,female
Volna,female
Vora,female
Vorena,female
Vorna,female
Vorneth,female
Vorsha,female
Vosha,female
Voska,female
Voskra,female
Votha,female
Vylka,female
Vyna,female
Vynra,female
Wela,female
Wetha,female
Wethra,female
Wyna,female
Wynna,female
Xantha,female
Xela,female
Xera,female
Xola,female
Yetha,female
Yla,female
Yola,female
Ysva,female
Ytha,female
Yvva,female
Zela,female
Zelvia,female
Zova,female
Zyntha,female
Arik,neutral
Baelnix,neutral
Balx,neutral
Blon,neutral
Brakel,neutral
Brakketh,neutral
Brald,neutral
Bralen,neutral
Bramble,neutral
Braskel,neutral
Braxen,neutral
Brem,neutral
Breth,neutral
Brevan,neutral
Brexis,neutral
Brimm,neutral
Brog,neutral
Brune,neutral
Calrax,neutral
Calx,neutral
Calxen,neutral
Carn,neutral
Cind,neutral
Cinder,neutral
Clavos,neutral
Covan,neutral
Crag,neutral
Crell,neutral
Crux,neutral
Dalmak,neutral
Dalx,neutral
Darra,neutral
Dorthen,neutral
Doru,neutral
Dov,neutral
Drail,neutral
Dralk,neutral
Drannik,neutral
Drash,neutral
Drask,neutral
Draske,neutral
Draveth,neutral
Dravex,neutral
Dravok,neutral
Drelka,neutral
Drelvik,neutral
Dren,neutral
Drethika,neutral
Drevath,neutral
Drevic,neutral
Drevnic,neutral
Drith,neutral
Drokka,neutral
Drostik,neutral
Drovic,neutral
Drox,neutral
Droxal,neutral
Droxen,neutral
Drukkar,neutral
Drunn,neutral
Druv,neutral
Druveth,neutral
Dust,neutral
Fen,neutral
Fendrel,neutral
Fenth,neutral
Frall,neutral
Fray,neutral
Frox,neutral
Galik,neutral
Galth,neutral
Galveth,neutral
Gannok,neutral
Gannor,neutral
Gar,neutral
Garn,neutral
Garr,neutral
Gartok,neutral
Gelt,neutral
Glinn,neutral
Grath,neutral
Gravel,neutral
Gravik,neutral
Gravus,neutral
Greld,neutral
Grellik,neutral
Grennix,neutral
Grenthar,neutral
Grenthor,neutral
Gretar,neutral
Grev,neutral
Grevik,neutral
Grex,neutral
Grit,neutral
Grost,neutral
Gruv,neutral
Halkar,neutral
Halmir,neutral
Halna,neutral
Hask,neutral
Havoc,neutral
Hes,neutral
Jael,neutral
Jalken,neutral
Jalth,neutral
Jorek,neutral
Kaelthos,neutral
Kal,neutral
Kaldur,neutral
Karnel,neutral
Karnic,neutral
Karnith,neutral
Kasta,neutral
Kaza,neutral
Kelm,neutral
Keltar,neutral
Ket,neutral
Keth,neutral
Kethrok,neutral
Kleth,neutral
Klod,neutral
Klyth,neutral
Kolt,neutral
Korda,neutral
Korlak,neutral
Korstev,neutral
Korvek,neutral
Korveth,neutral
Kram,neutral
Krax,neutral
Krellis,neutral
Kreth,neutral
Krevanix,neutral
Krevath,neutral
Krevor,neutral
Kril,neutral
Krolm,neutral
Krovaneth,neutral
Kroveth,neutral
Lera,neutral
Loth,neutral
Lux,neutral
Lyss,neutral
Makan,neutral
Maldok,neutral
Malk,neutral
Mare,neutral
Marneth,neutral
Marr,neutral
Mastul,neutral
Maul,neutral
Mesa,neutral
Molvik,neutral
Mor,neutral
Mordan,neutral
Mordrith,neutral
Morkan,neutral
Morn,neutral
Morvek,neutral
Mox,neutral
Murk,neutral
Nalk,neutral
Nalx,neutral
Nerva,neutral
Nol,neutral
Nolth,neutral
Nork,neutral
Null,neutral
Nyt,neutral
Nyx,neutral
Obsid,neutral
Olvren,neutral
Olyn,neutral
Orsa,neutral
Orvenn,neutral
Ostan,neutral
Ostran,neutral
Ostraveth,neutral
Ostravex,neutral
Ostravik,neutral
Othra,neutral
Othvek,neutral
Ovrath,neutral
Ovrek,neutral
Palk,neutral
Paltar,neutral
Pax,neutral
Pelghan,neutral
Pell,neutral
Peltar,neutral
Peltarix,neutral
Pelthos,neutral
Peltor,neutral
Peltreven,neutral
Peraxis,neutral
Perdak,neutral
Pethos,neutral
Pethran,neutral
Plakk,neutral
Plen,neutral
Pleth,neutral
Prakk,neutral
Pralith,neutral
Praloth,neutral
Prast,neutral
Prathos,neutral
Prelthar,neutral
Prenn,neutral
Prennar,neutral
Proth,neutral
Proveth,neutral
Provex,neutral
Provok,neutral
Pyl,neutral
Quell,neutral
Rasp,neutral
Raxen,neutral
Rethis,neutral
Revik,neutral
Rhuk,neutral
Roveth,neutral
Rovok,neutral
Rukka,neutral
Scorch,neutral
Sek,neutral
Selvik,neutral
Skael,neutral
Skaelth,neutral
Skaelvor,neutral
Skal,neutral
Skarnic,neutral
Skarnok,neutral
Skarnoth,neutral
Skarven,neutral
Skarveth,neutral
Skellith,neutral
Skenn,neutral
Sketh,neutral
Skethis,neutral
Skoth,neutral
Skoval,neutral
Skoveth,neutral
Skovr,neutral
Skovra,neutral
Skovrek,neutral
Smeck,neutral
Stak,neutral
Stelk,neutral
Stelth,neutral
Stelvik,neutral
Stenna,neutral
Stennik,neutral
Stral,neutral
Straveth,neutral
Stravik,neutral
Strell,neutral
Strev,neutral
Strevik,neutral
Strokk,neutral
Strynd,neutral
Stryx,neutral
Talvek,neutral
Tarlek,neutral
Tav,neutral
Tavik,neutral
Thal,neutral
Thallan,neutral
Thallon,neutral
Thalor,neutral
Thalox,neutral
Thelk,neutral
Thovin,neutral
Thrazen,neutral
Threkk,neutral
Threln,neutral
Threlna,neutral
Threvnix,neutral
Threx,neutral
Throkk,neutral
Throvik,neutral
Throx,neutral
Thrun,neutral
Thrusk,neutral
Tov,neutral
Tovak,neutral
Toveth,neutral
Tovik,neutral
Traveth,neutral
Trax,neutral
Trekkan,neutral
Trenn,neutral
Trevak,neutral
Trovik,neutral
Uthral,neutral
Valmir,neutral
Vantik,neutral
Vantor,neutral
Vareth,neutral
Velmir,neutral
Venn,neutral
Verath,neutral
Vesh,neutral
Veshk,neutral
Vesk,neutral
Veskar,neutral
Veskur,neutral
Vex,neutral
Vexal,neutral
Vexith,neutral
Vordeth,neutral
Vorek,neutral
Vorl,neutral
Vornis,neutral
Vorthen,neutral
Vorthik,neutral
Vox,neutral
Vranikal,neutral
Vrath,neutral
Vrax,neutral
Vrekash,neutral
Vrekk,neutral
Vrelnik,neutral
Vrennik,neutral
Vrit,neutral
Vrothik,neutral
Vulsk,neutral
Vurel,neutral
Vyr,neutral
Wrek,neutral
Wulf,neutral
Yel,neutral
Zentril,neutral
Zhal,neutral
