label,voice_id,file_name,status,bytes,is_probable_mp3,workspace_key_present,error
male1,default-tydi4czz1k-u2fcmye4b7w__design-voice-1325dfa2,male1.mp3,ok,238893,1,0,
male2,default-tydi4czz1k-u2fcmye4b7w__design-voice-0849fb43,male2.mp3,ok,304557,1,0,
male3,default-tydi4czz1k-u2fcmye4b7w__design-voice-727e12f4,male3.mp3,ok,288813,1,0,
male4,default-tydi4czz1k-u2fcmye4b7w__design-voice-0aa36899,male4.mp3,ok,318381,1,0,
male5,default-tydi4czz1k-u2fcmye4b7w__design-voice-38b2aed3,male5.mp3,ok,253101,1,0,
male6,default-tydi4czz1k-u2fcmye4b7w__design-voice-69b82f0c,male6.mp3,ok,271533,1,0,
male7,default-tydi4czz1k-u2fcmye4b7w__design-voice-dd916df7,male7.mp3,ok,250029,1,0,
male8,default-tydi4czz1k-u2fcmye4b7w__design-voice-f692bb31,male8.mp3,ok,233133,1,0,
male9,default-tydi4czz1k-u2fcmye4b7w__design-voice-362131bb,male9.mp3,ok,245421,1,0,
male10,default-tydi4czz1k-u2fcmye4b7w__design-voice-9bb58e94,male10.mp3,ok,240429,1,0,
male11,default-tydi4czz1k-u2fcmye4b7w__design-voice-9c181cac,male11.mp3,ok,271149,1,0,
male12,default-tydi4czz1k-u2fcmye4b7w__design-voice-2082d661,male12.mp3,ok,239661,1,0,
male13,default-tydi4czz1k-u2fcmye4b7w__design-voice-3aa5e140,male13.mp3,ok,255405,1,0,
male14,default-tydi4czz1k-u2fcmye4b7w__design-voice-8a8e8ef7,male14.mp3,ok,228525,1,0,
male15,default-tydi4czz1k-u2fcmye4b7w__design-voice-bb616d23,male15.mp3,ok,260013,1,0,
male16,default-tydi4czz1k-u2fcmye4b7w__design-voice-8abb1536,male16.mp3,ok,260781,1,0,
male17,default-tydi4czz1k-u2fcmye4b7w__design-voice-6da0d6c9,male17.mp3,ok,231213,1,0,
male18,default-tydi4czz1k-u2fcmye4b7w__design-voice-c1d3544c,male18.mp3,ok,228909,1,0,
male19,default-tydi4czz1k-u2fcmye4b7w__design-voice-6ec6c637,male19.mp3,ok,210093,1,0,
male20,default-tydi4czz1k-u2fcmye4b7w__design-voice-e64d330a,male20.mp3,ok,252333,1,0,
